Marea,Planta,Embarcacion,Bodega,% Llenado,# Calas,TDC-Desc,TVN,año,temporada_año
127891,SUPE,TASA 414,Estanca,11,3,17.15,23.69,2018,2018-II
127892,SUPE,TASA 413,Tradicional,31,2,10.32,16.63,2018,2018-II
127893,SUPE,TASA 417,Tradicional,8,2,10.85,18.11,2018,2018-II
127894,VEGUETA,TASA 416,Tradicional,53,2,13.12,24.25,2018,2018-II
127895,SUPE,TASA 418,Tradicional,16,2,14.42,18.93,2018,2018-II
127896,VEGUETA,TASA 44,Frio,89,1,11.33,20.26,2018,2018-II
127897,VEGUETA,TASA 45,Frio,23,2,16.23,23.93,2018,2018-II
127898,SUPE,TASA 412,Tradicional,13,2,16.07,22.79,2018,2018-II
127899,SUPE,TASA 415,Estanca,46,2,11.82,20.42,2018,2018-II
127901,SUPE,TASA 420,Tradicional,9,2,12.9,17.06,2018,2018-II
127902,VEGUETA,TASA 315,Tradicional,29,2,14.85,29.22,2018,2018-II
127903,VEGUETA,TASA 424,Tradicional,27,3,21.02,29.24,2018,2018-II
127904,SUPE,TASA 314,Tradicional,11,1,11.62,16.79,2018,2018-II
127907,SUPE,TASA 310,Tradicional,34,1,8.78,19.26,2018,2018-II
127908,MALABRIGO,TASA 53,Frio,34,5,36.53,21.36,2018,2018-II
127909,MALABRIGO,TASA 55,Frio,26,4,36.58,22.74,2018,2018-II
127928,CHIMBOTE,TASA 210,Tradicional,70,2,24.63,38.4,2018,2018-II
127929,MALABRIGO,TASA 17,Tradicional,57,2,19.12,25.28,2018,2018-II
127938,VEGUETA,TASA 43,Frio,29,3,14.85,23.64,2018,2018-II
127963,SUPE,TASA 31,Tradicional,40,2,16.12,18.59,2018,2018-II
127978,MALABRIGO,TASA 21,Estanca,19,1,10.22,16.43,2018,2018-II
127979,MALABRIGO,TASA 38,Tradicional,74,1,15.08,19.21,2018,2018-II
127980,SUPE,TASA 34,Estanca,11,1,13.15,18.26,2018,2018-II
127982,MALABRIGO,TASA 22,Estanca,17,2,8.17,17.48,2018,2018-II
127983,CHIMBOTE,TASA 52,Frio,51,3,16.27,18.11,2018,2018-II
127984,SUPE,TASA 32,Tradicional,3,1,14.3,24.57,2018,2018-II
127985,CHIMBOTE,TASA 411,Tradicional,50,3,21.55,33.62,2018,2018-II
127986,MALABRIGO,TASA 426,Tradicional,34,2,20.22,22.65,2018,2018-II
127987,MALABRIGO,TASA 54,Frio,36,4,34.25,20.97,2018,2018-II
127988,MALABRIGO,TASA 61,Frio,17,2,19.78,26.71,2018,2018-II
127989,SAMANCO,TASA 42,Frio,64,3,21.85,15.29,2018,2018-II
127990,SAMANCO,TASA 427,Frio,60,2,16.7,20.97,2018,2018-II
127991,CHIMBOTE,TASA 59,Frio,46,3,17.28,25.6,2018,2018-II
127993,CHIMBOTE,TASA 36,Estanca,59,2,20.23,30.83,2018,2018-II
127994,MALABRIGO,TASA 37,Estanca,60,1,17.47,21.84,2018,2018-II
127995,MALABRIGO,TASA 111,Tradicional,52,3,23.28,32.16,2018,2018-II
127996,CHIMBOTE,TASA 220,Tradicional,97,2,23.08,27.86,2018,2018-II
128000,MALABRIGO,TASA 425,Frio,34,1,18.3,26.65,2018,2018-II
128001,MALABRIGO,TASA 57,Frio,26,2,34.8,30.4,2018,2018-II
128002,MALABRIGO,TASA 71,Frio,40,5,33.75,26.78,2018,2018-II
128012,CHIMBOTE,TASA 58,Frio,16,3,45.17,18.33,2018,2018-II
128013,SAMANCO,TASA 51,Frio,32,4,27.77,17.93,2018,2018-II
128014,SAMANCO,TASA 419,Frio,45,3,39.42,23.6,2018,2018-II
128015,SUPE,TASA 44,Frio,5,1,12.12,16.89,2018,2018-II
128016,CHIMBOTE,TASA 56,Frio,53,3,29.72,18.2,2018,2018-II
128017,CHIMBOTE,TASA 41,Frio,27,3,28.55,29.84,2018,2018-II
128018,SUPE,TASA 416,Tradicional,8,1,11.73,22.05,2018,2018-II
128019,SUPE,TASA 417,Tradicional,23,1,7.82,17.12,2018,2018-II
128020,SUPE,TASA 43,Frio,6,1,10.93,24.2,2018,2018-II
128021,VEGUETA,TASA 413,Tradicional,82,1,12.03,19.17,2018,2018-II
128022,SUPE,TASA 314,Tradicional,15,1,9.67,21.94,2018,2018-II
128023,SUPE,TASA 415,Estanca,12,1,7.32,17.29,2018,2018-II
128024,SUPE,TASA 418,Tradicional,7,1,12.38,23.28,2018,2018-II
128025,SUPE,TASA 420,Tradicional,4,1,9.23,17.13,2018,2018-II
128026,SUPE,TASA 34,Estanca,10,2,15.23,23.3,2018,2018-II
128027,SUPE,TASA 31,Tradicional,8,1,8.98,17.47,2018,2018-II
128028,VEGUETA,TASA 412,Tradicional,75,2,13.68,22.89,2018,2018-II
128029,SUPE,TASA 414,Estanca,16,1,11.05,23.59,2018,2018-II
128030,SUPE,TASA 315,Tradicional,55,3,14.07,19.38,2018,2018-II
128031,SAMANCO,TASA 52,Frio,62,3,15.93,17.09,2018,2018-II
128032,SUPE,TASA 45,Frio,9,1,12.03,23.18,2018,2018-II
128033,SUPE,TASA 310,Tradicional,5,1,8.47,18.2,2018,2018-II
128034,CHIMBOTE,TASA 59,Frio,71,4,18.07,17.46,2018,2018-II
128035,MALABRIGO,TASA 427,Frio,64,4,10.73,17.5,2018,2018-II
128036,SUPE,TASA 424,Tradicional,15,2,13.52,21.65,2018,2018-II
128046,MALABRIGO,TASA 35,Estanca,3,1,15.05,19.89,2018,2018-II
128047,MALABRIGO,TASA 61,Frio,7,1,8.02,19.16,2018,2018-II
128048,MALABRIGO,TASA 17,Tradicional,15,2,17.62,19.7,2018,2018-II
128049,MALABRIGO,TASA 426,Tradicional,25,3,14.58,23.87,2018,2018-II
128051,MALABRIGO,TASA 37,Estanca,41,2,19.67,34.13,2018,2018-II
128052,MALABRIGO,TASA 411,Tradicional,9,1,15.28,18.65,2018,2018-II
128053,MALABRIGO,TASA 36,Estanca,17,1,13.02,17.17,2018,2018-II
128057,CHIMBOTE,TASA 42,Frio,69,4,20.03,20.85,2018,2018-II
128067,MALABRIGO,TASA 23,Estanca,17,1,15.5,22.42,2018,2018-II
128068,MALABRIGO,TASA 220,Tradicional,38,1,12.65,18.14,2018,2018-II
128073,MALABRIGO,TASA 210,Tradicional,41,1,10.88,15.85,2018,2018-II
128079,VEGUETA,TASA 417,Tradicional,24,2,15.73,20.29,2018,2018-II
128080,SUPE,TASA 310,Tradicional,15,2,13.63,24.3,2018,2018-II
128081,SUPE,TASA 415,Estanca,72,1,9.27,19.49,2018,2018-II
128082,VEGUETA,TASA 420,Tradicional,42,3,21.9,28.48,2018,2018-II
128083,SUPE,TASA 314,Tradicional,28,2,15.0,26.45,2018,2018-II
128084,VEGUETA,TASA 43,Frio,43,3,20.02,18.6,2018,2018-II
128085,SUPE,TASA 414,Estanca,28,2,15.1,23.48,2018,2018-II
128087,VEGUETA,TASA 45,Frio,28,2,13.75,15.84,2018,2018-II
128088,VEGUETA,TASA 44,Frio,31,2,17.68,20.78,2018,2018-II
128089,VEGUETA,TASA 416,Tradicional,40,2,13.75,18.56,2018,2018-II
128090,SUPE,TASA 418,Tradicional,19,1,10.78,21.14,2018,2018-II
128091,SUPE,TASA 31,Tradicional,40,2,15.65,28.09,2018,2018-II
128092,SUPE,TASA 32,Tradicional,35,2,11.6,24.22,2018,2018-II
128093,SUPE,TASA 424,Tradicional,25,2,15.78,32.23,2018,2018-II
128095,SUPE,TASA 34,Estanca,24,2,14.38,36.7,2018,2018-II
128096,CHIMBOTE,TASA 61,Frio,41,2,15.7,25.09,2018,2018-II
128097,SAMANCO,TASA 54,Frio,59,5,19.88,16.25,2018,2018-II
128098,MALABRIGO,TASA 22,Estanca,78,2,12.75,16.7,2018,2018-II
128099,MALABRIGO,TASA 38,Tradicional,65,3,17.68,15.38,2018,2018-II
128100,MALABRIGO,TASA 111,Tradicional,35,3,16.8,18.23,2018,2018-II
128101,MALABRIGO,TASA 218,Estanca,64,2,13.38,16.86,2018,2018-II
128103,CHIMBOTE,TASA 53,Frio,67,4,21.97,25.52,2018,2018-II
128104,MALABRIGO,TASA 21,Estanca,53,2,12.03,17.92,2018,2018-II
128105,CHIMBOTE,TASA 55,Frio,39,3,19.57,20.12,2018,2018-II
128106,SAMANCO,TASA 57,Frio,52,5,39.58,25.11,2018,2018-II
128109,MALABRIGO,TASA 425,Frio,67,4,20.75,23.26,2018,2018-II
128110,MALABRIGO,TASA 35,Estanca,15,1,18.08,38.4,2018,2018-II
128112,MALABRIGO,TASA 17,Tradicional,53,1,15.15,26.78,2018,2018-II
128114,CHIMBOTE,TASA 71,Frio,31,6,37.82,33.22,2018,2018-II
128115,MALABRIGO,TASA 37,Estanca,34,1,12.25,25.79,2018,2018-II
128118,MALABRIGO,TASA 426,Tradicional,54,3,10.27,26.66,2018,2018-II
128152,CHIMBOTE,TASA 419,Frio,71,3,29.68,20.56,2018,2018-II
128153,SAMANCO,TASA 51,Frio,60,5,22.62,19.1,2018,2018-II
128155,SAMANCO,TASA 56,Frio,56,3,21.08,17.15,2018,2018-II
128157,CHIMBOTE,TASA 41,Frio,40,4,21.82,19.14,2018,2018-II
128158,CHIMBOTE,TASA 59,Frio,71,1,7.95,15.55,2018,2018-II
128159,CHIMBOTE,TASA 52,Frio,47,7,34.17,39.69,2018,2018-II
128160,SUPE,TASA 412,Tradicional,9,1,8.63,24.19,2018,2018-II
128161,SUPE,TASA 413,Tradicional,14,1,16.18,30.24,2018,2018-II
128162,VEGUETA,TASA 416,Tradicional,59,3,15.17,23.6,2018,2018-II
128163,CHIMBOTE,TASA 61,Frio,35,5,41.3,21.04,2018,2018-II
128164,SUPE,TASA 45,Frio,84,3,20.32,25.31,2018,2018-II
128165,SUPE,TASA 415,Estanca,30,2,12.17,29.55,2018,2018-II
128166,VEGUETA,TASA 418,Tradicional,14,1,14.62,33.12,2018,2018-II
128167,SUPE,TASA 310,Tradicional,15,1,11.25,24.83,2018,2018-II
128168,SUPE,TASA 414,Estanca,18,2,14.6,29.67,2018,2018-II
128170,CHIMBOTE,TASA 427,Frio,30,3,17.67,20.78,2018,2018-II
128172,MALABRIGO,TASA 21,Estanca,42,3,11.6,19.95,2018,2018-II
128173,MALABRIGO,TASA 210,Tradicional,13,2,15.73,24.78,2018,2018-II
128174,MALABRIGO,TASA 22,Estanca,19,2,8.62,16.87,2018,2018-II
128175,MALABRIGO,TASA 37,Estanca,49,2,10.02,18.39,2018,2018-II
128177,MALABRIGO,TASA 220,Tradicional,63,3,11.9,15.11,2018,2018-II
128178,SUPE,TASA 424,Tradicional,32,2,10.53,24.4,2018,2018-II
128179,SUPE,TASA 314,Tradicional,40,2,14.0,31.7,2018,2018-II
128180,VEGUETA,TASA 417,Tradicional,54,3,18.8,33.89,2018,2018-II
128181,VEGUETA,TASA 32,Tradicional,37,1,10.7,21.8,2018,2018-II
128183,SUPE,TASA 34,Estanca,37,3,17.32,31.11,2018,2018-II
128184,SUPE,TASA 31,Tradicional,65,1,9.43,25.21,2018,2018-II
128185,SUPE,TASA 44,Frio,16,2,10.82,23.37,2018,2018-II
128186,CHIMBOTE,TASA 55,Frio,55,6,37.2,21.59,2018,2018-II
128187,CHIMBOTE,TASA 42,Frio,36,2,13.42,21.46,2018,2018-II
128188,MALABRIGO,TASA 53,Frio,30,5,35.88,19.59,2018,2018-II
128189,CHIMBOTE,TASA 54,Frio,34,6,35.15,19.96,2018,2018-II
128190,VEGUETA,TASA 43,Frio,70,3,12.78,19.98,2018,2018-II
128191,MALABRIGO,TASA 411,Tradicional,32,2,13.88,19.96,2018,2018-II
128192,MALABRIGO,TASA 35,Estanca,11,2,10.42,18.64,2018,2018-II
128193,MALABRIGO,TASA 23,Estanca,48,2,14.53,21.63,2018,2018-II
128195,CHIMBOTE,TASA 425,Frio,49,2,13.32,15.17,2018,2018-II
128198,MALABRIGO,TASA 38,Tradicional,60,2,8.53,17.02,2018,2018-II
128199,CHIMBOTE,TASA 426,Tradicional,63,3,15.85,24.28,2018,2018-II
128201,MALABRIGO,TASA 111,Tradicional,53,3,18.0,21.43,2018,2018-II
128202,MALABRIGO,TASA 17,Tradicional,58,1,6.4,22.96,2018,2018-II
128204,VEGUETA,TASA 420,Tradicional,78,3,18.37,30.14,2018,2018-II
128243,MALABRIGO,TASA 38,Tradicional,24,2,13.33,19.73,2018,2018-II
128244,MALABRIGO,TASA 22,Estanca,22,2,11.53,19.6,2018,2018-II
128245,MALABRIGO,TASA 35,Estanca,21,3,14.58,25.9,2018,2018-II
128246,SUPE,TASA 412,Tradicional,43,2,14.0,24.96,2018,2018-II
128247,MALABRIGO,TASA 21,Estanca,24,2,12.22,25.36,2018,2018-II
128248,MALABRIGO,TASA 37,Estanca,24,2,15.6,24.29,2018,2018-II
128249,MALABRIGO,TASA 411,Tradicional,39,1,11.17,19.54,2018,2018-II
128250,VEGUETA,TASA 44,Frio,59,2,9.63,19.46,2018,2018-II
128251,SUPE,TASA 31,Tradicional,52,3,22.67,29.61,2018,2018-II
128252,MALABRIGO,TASA 17,Tradicional,4,1,9.73,20.02,2018,2018-II
128253,SUPE,TASA 310,Tradicional,60,2,15.77,29.23,2018,2018-II
128255,VEGUETA,TASA 32,Tradicional,35,3,20.62,38.12,2018,2018-II
128256,VEGUETA,TASA 415,Estanca,82,3,15.45,30.13,2018,2018-II
128257,VEGUETA,TASA 416,Tradicional,50,2,20.28,38.71,2018,2018-II
128258,SUPE,TASA 314,Tradicional,20,2,19.47,28.57,2018,2018-II
128260,MALABRIGO,TASA 220,Tradicional,30,3,15.8,24.55,2018,2018-II
128261,VEGUETA,TASA 414,Estanca,30,2,13.57,28.11,2018,2018-II
128262,VEGUETA,TASA 315,Tradicional,22,2,14.65,29.3,2018,2018-II
128263,SUPE,TASA 424,Tradicional,14,1,16.03,26.79,2018,2018-II
128268,VEGUETA,TASA 34,Estanca,31,2,17.18,38.34,2018,2018-II
128269,MALABRIGO,TASA 23,Estanca,15,2,13.57,29.4,2018,2018-II
128270,MALABRIGO,TASA 210,Tradicional,38,3,17.67,29.26,2018,2018-II
128271,MALABRIGO,TASA 111,Tradicional,20,2,17.13,28.1,2018,2018-II
128275,SUPE,TASA 418,Tradicional,11,1,9.57,28.86,2018,2018-II
129992,ILO,TASA 417,Tradicional,4,1,12.25,23.06,2018,2018-II
129993,MATARANI,TASA 411,Tradicional,47,2,7.88,15.54,2018,2018-II
129994,ATICO,TASA 38,Tradicional,18,2,9.32,18.64,2018,2018-II
129995,ATICO,TASA 35,Estanca,10,2,10.08,17.98,2018,2018-II
129996,ILO,TASA 22,Estanca,37,3,20.18,38.31,2018,2018-II
129997,MATARANI,TASA 210,Tradicional,12,2,9.9,21.76,2018,2018-II
129998,ILO,TASA 425,Frio,9,1,9.85,27.16,2018,2018-II
130000,ILO,TASA 34,Estanca,18,2,15.38,30.78,2018,2018-II
130002,ILO,TASA 23,Estanca,14,1,13.63,27.47,2018,2018-II
130003,ILO,TASA 17,Tradicional,9,1,16.65,31.01,2018,2018-II
130004,ATICO,TASA 45,Frio,10,2,13.35,19.43,2018,2018-II
130005,ATICO,TASA 36,Estanca,17,2,8.98,19.52,2018,2018-II
130006,ILO,TASA 418,Tradicional,5,1,9.73,21.92,2018,2018-II
130007,MATARANI,TASA 220,Tradicional,15,1,8.83,19.71,2018,2018-II
130009,ATICO,TASA 43,Frio,9,2,15.17,15.04,2018,2018-II
130023,ILO,TASA 426,Tradicional,32,2,14.72,21.03,2018,2018-II
130024,ILO,TASA 37,Estanca,26,2,18.4,17.84,2018,2018-II
130041,MATARANI,TASA 220,Tradicional,9,1,6.17,18.29,2018,2018-II
130043,MATARANI,TASA 411,Tradicional,4,1,3.8,18.16,2018,2018-II
130044,MATARANI,TASA 21,Estanca,18,2,8.85,17.72,2018,2018-II
130045,MATARANI,TASA 210,Tradicional,6,1,7.63,18.84,2018,2018-II
130046,ILO,TASA 36,Estanca,15,1,10.7,19.66,2018,2018-II
130047,ILO,TASA 425,Frio,43,3,30.68,16.23,2018,2018-II
130048,ILO,TASA 44,Frio,24,2,31.13,21.6,2018,2018-II
130049,MATARANI,TASA 23,Estanca,5,1,4.07,18.38,2018,2018-II
130050,MATARANI,TASA 17,Tradicional,26,2,7.6,18.37,2018,2018-II
130052,ILO,TASA 34,Estanca,11,1,13.65,23.72,2018,2018-II
130062,ATICO,TASA 38,Tradicional,2,1,8.42,19.63,2018,2018-II
130063,ILO,TASA 43,Frio,8,1,10.07,20.99,2018,2018-II
130064,MATARANI,TASA 22,Estanca,12,1,3.62,19.78,2018,2018-II
130076,ILO,TASA 32,Tradicional,7,1,8.55,17.57,2018,2018-II
130091,ILO,TASA 17,Tradicional,7,1,13.03,21.93,2018,2018-II
130092,ATICO,TASA 411,Tradicional,9,1,7.3,14.96,2018,2018-II
130093,ILO,TASA 210,Tradicional,13,1,8.18,19.18,2018,2018-II
130094,ILO,TASA 220,Tradicional,24,2,15.87,39.5,2018,2018-II
130095,ILO,TASA 45,Frio,20,2,37.73,18.74,2018,2018-II
130096,ILO,TASA 35,Estanca,6,1,9.05,17.23,2018,2018-II
130097,ILO,TASA 21,Estanca,6,1,14.72,21.69,2018,2018-II
130098,ILO,TASA 22,Estanca,6,1,9.08,19.87,2018,2018-II
130099,ATICO,TASA 417,Tradicional,1,1,6.53,14.11,2018,2018-II
130100,ILO,TASA 426,Tradicional,5,1,11.62,20.78,2018,2018-II
130102,ILO,TASA 418,Tradicional,6,1,6.18,19.16,2018,2018-II
130103,ILO,TASA 37,Estanca,10,1,11.73,17.57,2018,2018-II
130104,ILO,TASA 43,Frio,20,2,37.52,23.54,2018,2018-II
130105,ILO,TASA 416,Tradicional,7,1,9.92,18.72,2018,2018-II
130106,ILO,TASA 23,Estanca,5,1,13.02,28.07,2018,2018-II
130720,MATARANI,TASA 426,Tradicional,14,2,16.58,27.8,2018,2018-II
130721,MATARANI,TASA 35,Estanca,26,2,10.3,20.99,2018,2018-II
130722,MATARANI,TASA 22,Estanca,5,1,10.0,18.14,2018,2018-II
130723,MATARANI,TASA 411,Tradicional,59,3,16.12,28.61,2018,2018-II
130724,MATARANI,TASA 36,Estanca,27,2,12.67,27.24,2018,2018-II
130726,MATARANI,TASA 17,Tradicional,46,2,16.68,34.54,2018,2018-II
130727,MATARANI,TASA 210,Tradicional,13,2,16.98,33.1,2018,2018-II
131294,VEGUETA,TASA 413,Tradicional,18,2,11.12,18.59,2018,2018-II
131295,SUPE,TASA 412,Tradicional,65,3,15.03,17.31,2018,2018-II
131297,SAMANCO,TASA 58,Frio,31,4,34.58,27.17,2018,2018-II
131301,PISCO NORTE,TASA 45,Frio,34,2,11.47,25.95,2018,2018-II
131303,PISCO SUR,TASA 44,Frio,21,2,8.68,17.95,2018,2018-II
131307,PISCO NORTE,TASA 425,Frio,54,3,9.92,24.3,2018,2018-II
131308,PISCO NORTE,TASA 418,Tradicional,37,2,8.9,20.26,2018,2018-II
131311,PISCO SUR,TASA 61,Frio,46,4,14.3,19.14,2018,2018-II
131313,PISCO NORTE,TASA 414,Estanca,53,4,14.9,22.31,2018,2018-II
131318,PISCO NORTE,TASA 415,Estanca,19,2,9.07,19.42,2018,2018-II
131323,PISCO NORTE,TASA 420,Tradicional,63,3,14.32,27.96,2018,2018-II
131327,SUPE,TASA 417,Tradicional,57,3,17.72,23.89,2018,2018-II
131334,VEGUETA,TASA 21,Estanca,81,3,16.85,22.34,2018,2018-II
131344,VEGUETA,TASA 220,Tradicional,54,2,22.63,32.75,2018,2018-II
131345,CALLAO,TASA 31,Tradicional,47,3,13.92,20.05,2018,2018-II
131346,CALLAO,TASA 22,Estanca,28,3,10.43,17.94,2018,2018-II
131347,VEGUETA,TASA 111,Tradicional,27,2,15.32,30.07,2018,2018-II
131348,CALLAO,TASA 314,Tradicional,27,3,27.83,15.43,2018,2018-II
131349,CALLAO,TASA 310,Tradicional,40,2,10.25,14.92,2018,2018-II
131350,PISCO SUR,TASA 411,Tradicional,16,2,9.23,19.82,2018,2018-II
131351,PISCO SUR,TASA 43,Frio,25,2,13.95,21.06,2018,2018-II
131352,PISCO SUR,TASA 416,Tradicional,19,2,10.25,24.41,2018,2018-II
131353,CHIMBOTE,TASA 315,Tradicional,95,2,12.83,21.15,2018,2018-II
131354,VEGUETA,TASA 210,Tradicional,50,2,19.73,28.19,2018,2018-II
131355,SUPE,TASA 56,Frio,17,3,14.2,13.95,2018,2018-II
131356,SUPE,TASA 419,Frio,49,2,13.42,16.71,2018,2018-II
131357,CHIMBOTE,TASA 59,Frio,31,1,6.45,19.32,2018,2018-II
131358,CALLAO,TASA 37,Estanca,57,3,14.87,16.16,2018,2018-II
131359,VEGUETA,TASA 34,Estanca,20,2,17.08,24.25,2018,2018-II
131360,VEGUETA,TASA 35,Estanca,62,1,17.92,31.0,2018,2018-II
131361,CALLAO,TASA 32,Tradicional,40,2,10.72,18.72,2018,2018-II
131362,SUPE,TASA 52,Frio,39,3,9.18,14.46,2018,2018-II
131363,SUPE,TASA 51,Frio,22,3,10.7,16.36,2018,2018-II
131365,SAMANCO,TASA 54,Frio,28,2,11.2,16.8,2018,2018-II
131366,CHIMBOTE,TASA 218,Estanca,69,1,10.0,20.46,2018,2018-II
131367,VEGUETA,TASA 17,Tradicional,72,2,14.58,20.83,2018,2018-II
131368,CHIMBOTE,TASA 427,Frio,48,3,16.8,21.42,2018,2018-II
131369,SUPE,TASA 55,Frio,18,2,10.62,16.05,2018,2018-II
131370,VEGUETA,TASA 23,Estanca,7,1,11.02,21.14,2018,2018-II
131371,CHIMBOTE,TASA 424,Tradicional,16,2,16.12,23.0,2018,2018-II
131377,CHIMBOTE,TASA 42,Frio,53,2,13.6,20.1,2018,2018-II
131378,CHIMBOTE,TASA 41,Frio,67,3,18.72,19.42,2018,2018-II
131390,CHIMBOTE,TASA 53,Frio,27,4,30.3,21.05,2018,2018-II
131401,VEGUETA,TASA 426,Tradicional,23,2,17.72,33.1,2018,2018-II
131402,VEGUETA,TASA 38,Tradicional,22,2,8.72,18.47,2018,2018-II
131403,VEGUETA,TASA 36,Estanca,19,1,11.47,22.57,2018,2018-II
131404,VEGUETA,TASA 71,Frio,26,2,10.23,20.71,2018,2018-II
131419,MALABRIGO,TASA 57,Frio,71,2,16.53,18.21,2018,2018-II
131421,SAMANCO,TASA 52,Frio,72,4,29.28,16.57,2018,2018-II
131423,PISCO NORTE,TASA 310,Tradicional,32,1,11.5,25.29,2018,2018-II
131426,CHIMBOTE,TASA 31,Tradicional,65,2,10.45,21.89,2018,2018-II
131427,PISCO SUR,TASA 418,Tradicional,56,3,18.07,21.36,2018,2018-II
131428,PISCO NORTE,TASA 425,Frio,65,1,9.68,16.21,2018,2018-II
131429,PISCO SUR,TASA 415,Estanca,27,2,15.27,18.13,2018,2018-II
131430,PISCO SUR,TASA 413,Tradicional,5,1,12.25,24.18,2018,2018-II
131431,VEGUETA,TASA 38,Tradicional,84,2,9.72,15.68,2018,2018-II
131432,PISCO SUR,TASA 45,Frio,80,2,11.9,15.78,2018,2018-II
131433,SUPE,TASA 36,Estanca,57,3,19.32,23.76,2018,2018-II
131434,VEGUETA,TASA 17,Tradicional,61,3,17.92,27.08,2018,2018-II
131435,SUPE,TASA 23,Estanca,59,3,14.43,15.94,2018,2018-II
131436,SUPE,TASA 34,Estanca,89,3,14.92,27.93,2018,2018-II
131437,PISCO SUR,TASA 411,Tradicional,83,2,15.6,19.51,2018,2018-II
131438,SUPE,TASA 56,Frio,65,6,43.6,17.49,2018,2018-II
131439,PISCO SUR,TASA 44,Frio,59,3,18.95,21.36,2018,2018-II
131441,PISCO NORTE,TASA 416,Tradicional,72,3,14.72,19.38,2018,2018-II
131442,PISCO SUR,TASA 43,Frio,74,2,10.95,20.38,2018,2018-II
131443,CHIMBOTE,TASA 59,Frio,34,4,12.37,16.46,2018,2018-II
131444,MALABRIGO,TASA 71,Frio,64,3,17.65,19.47,2018,2018-II
131446,MALABRIGO,TASA 54,Frio,70,4,16.92,15.8,2018,2018-II
131449,PISCO NORTE,TASA 414,Estanca,71,2,11.75,19.86,2018,2018-II
131450,PISCO SUR,TASA 412,Tradicional,18,2,13.0,20.18,2018,2018-II
131452,SUPE,TASA 21,Estanca,40,2,13.35,14.66,2018,2018-II
131453,VEGUETA,TASA 111,Tradicional,39,1,7.5,20.53,2018,2018-II
131454,VEGUETA,TASA 417,Tradicional,29,2,8.17,21.64,2018,2018-II
131455,SAMANCO,TASA 427,Frio,65,2,7.52,15.93,2018,2018-II
131456,SUPE,TASA 35,Estanca,37,2,10.02,15.27,2018,2018-II
131457,SUPE,TASA 32,Tradicional,25,2,14.17,21.6,2018,2018-II
131459,SUPE,TASA 210,Tradicional,30,1,6.4,17.29,2018,2018-II
131460,CHIMBOTE,TASA 42,Frio,41,1,5.83,14.88,2018,2018-II
131461,SAMANCO,TASA 424,Tradicional,87,3,9.82,23.57,2018,2018-II
131462,MALABRIGO,TASA 58,Frio,68,5,15.58,20.35,2018,2018-II
131464,PISCO NORTE,TASA 61,Frio,53,2,8.85,17.89,2018,2018-II
131467,SUPE,TASA 220,Tradicional,44,1,5.05,20.48,2018,2018-II
131469,SUPE,TASA 426,Tradicional,10,1,5.9,16.99,2018,2018-II
131478,VEGUETA,TASA 37,Estanca,15,1,10.12,19.8,2018,2018-II
131489,SUPE,TASA 22,Estanca,50,2,16.63,25.02,2018,2018-II
131503,CHIMBOTE,TASA 38,Tradicional,50,2,8.3,23.7,2018,2018-II
131504,PISCO SUR,TASA 417,Tradicional,38,2,12.55,28.81,2018,2018-II
131505,VEGUETA,TASA 37,Estanca,5,1,16.02,29.62,2018,2018-II
131510,PISCO SUR,TASA 43,Frio,30,4,17.78,23.14,2018,2018-II
131511,PISCO NORTE,TASA 61,Frio,13,1,12.03,16.77,2018,2018-II
131512,PISCO NORTE,TASA 425,Frio,12,1,11.2,18.87,2018,2018-II
131513,VEGUETA,TASA 34,Estanca,15,1,5.05,14.36,2018,2018-II
131515,SAMANCO,TASA 35,Estanca,72,1,9.8,23.29,2018,2018-II
131516,VEGUETA,TASA 220,Tradicional,15,1,17.32,32.14,2018,2018-II
131517,CHIMBOTE,TASA 426,Tradicional,79,2,15.9,23.41,2018,2018-II
131518,SUPE,TASA 41,Frio,45,3,22.07,19.65,2018,2018-II
131519,CHIMBOTE,TASA 427,Frio,76,3,8.72,17.8,2018,2018-II
131520,CHIMBOTE,TASA 424,Tradicional,39,2,8.97,18.24,2018,2018-II
131522,CHIMBOTE,TASA 315,Tradicional,97,3,12.57,23.45,2018,2018-II
131523,MALABRIGO,TASA 53,Frio,59,2,10.58,16.95,2018,2018-II
131526,CALLAO,TASA 415,Estanca,46,3,12.5,16.48,2018,2018-II
131527,PISCO SUR,TASA 45,Frio,9,1,9.38,19.03,2018,2018-II
131528,CHIMBOTE,TASA 218,Estanca,94,3,16.57,25.34,2018,2018-II
131530,SUPE,TASA 36,Estanca,28,2,14.12,26.4,2018,2018-II
131531,VEGUETA,TASA 21,Estanca,6,1,14.07,26.53,2018,2018-II
131534,SAMANCO,TASA 59,Frio,63,2,15.25,17.23,2018,2018-II
131535,CALLAO,TASA 411,Tradicional,26,3,17.7,23.28,2018,2018-II
131536,PISCO SUR,TASA 414,Estanca,7,1,10.17,26.14,2018,2018-II
131537,VEGUETA,TASA 32,Tradicional,10,1,15.08,28.53,2018,2018-II
131538,PISCO NORTE,TASA 416,Tradicional,6,1,9.92,23.76,2018,2018-II
131539,PISCO NORTE,TASA 418,Tradicional,22,1,10.4,24.89,2018,2018-II
131540,CHIMBOTE,TASA 42,Frio,47,2,12.82,15.56,2018,2018-II
131541,CHIMBOTE,TASA 22,Estanca,61,3,15.55,24.37,2018,2018-II
131543,PISCO NORTE,TASA 44,Frio,73,4,18.0,17.61,2018,2018-II
131544,MALABRIGO,TASA 54,Frio,56,4,8.17,15.05,2018,2018-II
131568,CALLAO,TASA 420,Tradicional,31,2,16.07,17.16,2018,2018-II
131569,SUPE,TASA 314,Tradicional,11,2,17.12,19.9,2018,2018-II
131598,CHIMBOTE,TASA 31,Tradicional,77,1,11.9,18.38,2018,2018-II
131600,CALLAO,TASA 416,Tradicional,19,3,13.57,16.55,2018,2018-II
131601,CALLAO,TASA 310,Tradicional,38,3,15.75,14.62,2018,2018-II
131603,CHIMBOTE,TASA 38,Tradicional,85,2,8.2,18.55,2018,2018-II
131604,MALABRIGO,TASA 424,Tradicional,80,3,24.8,31.91,2018,2018-II
131606,CALLAO,TASA 417,Tradicional,21,4,11.75,16.0,2018,2018-II
131608,CALLAO,TASA 414,Estanca,47,3,14.12,16.74,2018,2018-II
131609,CALLAO,TASA 45,Frio,73,3,11.48,14.83,2018,2018-II
131610,CALLAO,TASA 412,Tradicional,25,2,12.23,17.66,2018,2018-II
131611,MALABRIGO,TASA 315,Tradicional,75,4,24.67,31.91,2018,2018-II
131612,CALLAO,TASA 413,Tradicional,48,2,15.25,14.72,2018,2018-II
131613,SUPE,TASA 42,Frio,74,3,18.97,10.25,2018,2018-II
131614,VEGUETA,TASA 52,Frio,72,4,21.0,19.06,2018,2018-II
131615,CHIMBOTE,TASA 35,Estanca,70,2,11.3,22.71,2018,2018-II
131617,CALLAO,TASA 61,Frio,32,3,12.62,16.27,2018,2018-II
131619,MALABRIGO,TASA 58,Frio,75,6,15.8,16.91,2018,2018-II
131620,CHIMBOTE,TASA 36,Estanca,88,1,18.37,31.74,2018,2018-II
131621,PISCO NORTE,TASA 425,Frio,43,3,14.35,23.01,2018,2018-II
131622,SUPE,TASA 21,Estanca,15,2,12.23,21.25,2018,2018-II
131623,VEGUETA,TASA 427,Frio,71,5,22.98,19.1,2018,2018-II
131624,VEGUETA,TASA 32,Tradicional,10,1,6.37,15.7,2018,2018-II
131627,SUPE,TASA 37,Estanca,75,1,22.05,37.07,2018,2018-II
131629,VEGUETA,TASA 210,Tradicional,50,2,9.57,14.88,2018,2018-II
131631,SUPE,TASA 220,Tradicional,55,1,6.0,17.75,2018,2018-II
131632,MALABRIGO,TASA 51,Frio,68,4,12.63,15.53,2018,2018-II
131633,SUPE,TASA 56,Frio,70,5,27.7,19.7,2018,2018-II
131634,SUPE,TASA 419,Frio,60,5,26.57,22.7,2018,2018-II
131635,SUPE,TASA 59,Frio,70,4,20.42,12.78,2018,2018-II
131654,VEGUETA,TASA 41,Frio,76,3,29.07,16.76,2018,2018-II
131655,VEGUETA,TASA 111,Tradicional,82,3,10.37,16.35,2018,2018-II
131662,VEGUETA,TASA 71,Frio,66,4,35.55,18.13,2018,2018-II
131679,PISCO SUR,TASA 417,Tradicional,81,4,16.02,23.1,2018,2018-II
131680,PISCO NORTE,TASA 416,Tradicional,93,3,14.35,21.17,2018,2018-II
131681,PISCO SUR,TASA 415,Estanca,42,3,22.15,29.64,2018,2018-II
131682,CALLAO,TASA 414,Estanca,91,2,11.38,14.46,2018,2018-II
131683,CALLAO,TASA 32,Tradicional,85,3,13.47,20.56,2018,2018-II
131686,CHIMBOTE,TASA 220,Tradicional,82,2,12.02,24.91,2018,2018-II
131687,CALLAO,TASA 34,Estanca,91,2,14.17,17.14,2018,2018-II
131688,PISCO NORTE,TASA 420,Tradicional,86,2,11.38,24.22,2018,2018-II
131689,PISCO NORTE,TASA 45,Frio,84,3,19.53,19.33,2018,2018-II
131690,PISCO SUR,TASA 412,Tradicional,43,2,11.28,18.38,2018,2018-II
131691,PISCO SUR,TASA 61,Frio,54,5,22.48,26.74,2018,2018-II
131694,SUPE,TASA 38,Tradicional,76,1,20.05,32.84,2018,2018-II
131695,CALLAO,TASA 310,Tradicional,76,2,12.22,17.75,2018,2018-II
131698,CHIMBOTE,TASA 31,Tradicional,79,1,9.08,20.41,2018,2018-II
131699,PISCO SUR,TASA 413,Tradicional,77,2,14.5,19.46,2018,2018-II
131707,VEGUETA,TASA 210,Tradicional,55,2,11.83,15.36,2018,2018-II
131710,PISCO NORTE,TASA 411,Tradicional,40,2,9.02,27.07,2018,2018-II
131711,CALLAO,TASA 21,Estanca,93,3,15.7,17.31,2018,2018-II
131712,PISCO SUR,TASA 44,Frio,78,2,10.52,20.4,2018,2018-II
131713,PISCO SUR,TASA 425,Frio,42,3,13.53,20.15,2018,2018-II
131714,PISCO SUR,TASA 418,Tradicional,85,1,14.78,27.01,2018,2018-II
131716,VEGUETA,TASA 42,Frio,79,4,22.42,19.0,2018,2018-II
131717,SUPE,TASA 314,Tradicional,59,4,11.67,17.08,2018,2018-II
131718,VEGUETA,TASA 52,Frio,38,5,12.45,14.56,2018,2018-II
131719,PISCO NORTE,TASA 43,Frio,71,2,11.88,24.72,2018,2018-II
131723,MALABRIGO,TASA 54,Frio,57,3,9.65,17.49,2018,2018-II
133854,MALABRIGO,TASA 54,Frio,42,7,27.85,15.06,2018,2018-II
134005,CALLAO,TASA 59,Frio,76,5,28.45,23.64,2018,2018-II
134027,CALLAO,TASA 38,Tradicional,87,1,12.92,26.36,2018,2018-II
134045,CALLAO,TASA 36,Estanca,90,1,11.88,22.77,2018,2018-II
134046,MALABRIGO,TASA 57,Frio,18,1,18.03,23.36,2018,2018-II
134050,CALLAO,TASA 35,Estanca,66,3,17.75,22.02,2018,2018-II
134071,MALABRIGO,TASA 56,Frio,40,6,40.48,21.02,2018,2018-II
134083,MALABRIGO,TASA 61,Frio,52,6,29.48,24.8,2018,2018-II
134089,SUPE,TASA 17,Tradicional,50,2,12.9,17.43,2018,2018-II
134090,CALLAO,TASA 411,Tradicional,41,3,16.13,28.92,2018,2018-II
134091,CALLAO,TASA 44,Frio,73,2,13.13,20.17,2018,2018-II
134092,CALLAO,TASA 310,Tradicional,67,1,14.35,29.84,2018,2018-II
134093,CALLAO,TASA 23,Estanca,73,2,16.87,30.27,2018,2018-II
134102,CALLAO,TASA 315,Tradicional,51,2,18.1,33.71,2018,2018-II
134103,SAMANCO,TASA 415,Estanca,66,2,15.32,22.62,2018,2018-II
134108,SUPE,TASA 218,Estanca,92,1,9.92,15.26,2018,2018-II
134111,SUPE,TASA 425,Frio,69,3,14.63,17.48,2018,2018-II
134113,PISCO NORTE,TASA 417,Tradicional,14,2,10.97,18.0,2018,2018-II
134114,PISCO NORTE,TASA 414,Estanca,44,4,13.27,20.84,2018,2018-II
134115,PISCO NORTE,TASA 416,Tradicional,4,1,7.28,21.92,2018,2018-II
134116,PISCO NORTE,TASA 418,Tradicional,3,1,7.8,16.86,2018,2018-II
134117,PISCO NORTE,TASA 412,Tradicional,40,4,14.42,20.45,2018,2018-II
134118,PISCO NORTE,TASA 413,Tradicional,7,1,8.92,19.43,2018,2018-II
134119,PISCO NORTE,TASA 420,Tradicional,13,2,8.6,21.25,2018,2018-II
134120,CALLAO,TASA 21,Estanca,75,2,15.62,31.54,2018,2018-II
134132,CALLAO,TASA 32,Tradicional,61,3,14.25,22.61,2018,2018-II
134142,CALLAO,TASA 424,Tradicional,62,3,21.5,29.93,2018,2018-II
134146,MALABRIGO,TASA 419,Frio,52,3,18.28,17.23,2018,2018-II
134151,MALABRIGO,TASA 55,Frio,54,5,27.88,19.45,2018,2018-II
134162,SAMANCO,TASA 43,Frio,77,5,26.13,20.74,2018,2018-II
134179,MALABRIGO,TASA 58,Frio,64,6,30.43,18.87,2018,2018-II
134184,MALABRIGO,TASA 427,Frio,34,4,16.48,16.75,2018,2018-II
134185,MALABRIGO,TASA 51,Frio,42,4,18.62,23.21,2018,2018-II
134186,MALABRIGO,TASA 71,Frio,40,3,19.15,24.69,2018,2018-II
134187,MALABRIGO,TASA 53,Frio,35,5,42.8,29.12,2018,2018-II
134188,MALABRIGO,TASA 41,Frio,51,7,38.15,28.13,2018,2018-II
134189,MALABRIGO,TASA 52,Frio,29,5,35.15,24.29,2018,2018-II
134190,MALABRIGO,TASA 42,Frio,33,3,23.05,15.54,2018,2018-II
134194,VEGUETA,TASA 34,Estanca,10,1,13.1,23.42,2018,2018-II
134195,CALLAO,TASA 111,Tradicional,94,2,19.38,27.86,2018,2018-II
134200,CALLAO,TASA 210,Tradicional,88,3,15.65,23.42,2018,2018-II
134213,CALLAO,TASA 36,Estanca,68,3,16.97,30.26,2018,2018-II
134214,SUPE,TASA 44,Frio,73,3,18.77,17.57,2018,2018-II
134217,CALLAO,TASA 37,Estanca,88,2,13.42,28.53,2018,2018-II
134218,CALLAO,TASA 426,Tradicional,73,4,16.1,26.35,2018,2018-II
134221,SUPE,TASA 220,Tradicional,64,1,10.92,15.82,2018,2018-II
134227,CALLAO,TASA 38,Tradicional,38,1,11.6,19.35,2018,2018-II
134228,CALLAO,TASA 17,Tradicional,87,2,21.02,31.03,2018,2018-II
134230,CALLAO,TASA 31,Tradicional,52,4,20.27,31.14,2018,2018-II
134232,MALABRIGO,TASA 57,Frio,17,2,9.17,15.01,2018,2018-II
134238,PISCO NORTE,TASA 416,Tradicional,24,3,12.32,20.98,2018,2018-II
134239,PISCO NORTE,TASA 418,Tradicional,27,2,11.85,19.19,2018,2018-II
134242,PISCO NORTE,TASA 413,Tradicional,10,1,7.22,21.7,2018,2018-II
134243,VEGUETA,TASA 21,Estanca,70,2,17.5,34.95,2018,2018-II
134247,SAMANCO,TASA 425,Frio,75,2,18.83,16.54,2018,2018-II
134248,VEGUETA,TASA 411,Tradicional,15,2,14.28,29.22,2018,2018-II
134249,SAMANCO,TASA 415,Estanca,82,3,11.23,18.92,2018,2018-II
134250,MALABRIGO,TASA 419,Frio,43,3,41.42,26.79,2018,2018-II
134257,CALLAO,TASA 315,Tradicional,38,2,12.42,25.28,2018,2018-II
134267,SUPE,TASA 314,Tradicional,58,2,20.27,31.21,2018,2018-II
134270,PISCO NORTE,TASA 412,Tradicional,34,3,11.18,18.08,2018,2018-II
134271,SUPE,TASA 23,Estanca,40,1,15.25,25.32,2018,2018-II
134302,CHIMBOTE,TASA 415,Estanca,73,1,8.97,22.96,2018,2018-II
134330,SUPE,TASA 55,Frio,78,3,35.53,16.36,2018,2018-II
134333,MALABRIGO,TASA 54,Frio,20,4,13.4,19.39,2018,2018-II
134335,VEGUETA,TASA 22,Estanca,26,2,17.98,28.74,2018,2018-II
134336,VEGUETA,TASA 218,Estanca,42,1,10.72,19.18,2018,2018-II
134337,CALLAO,TASA 45,Frio,74,2,18.73,17.58,2018,2018-II
134338,CALLAO,TASA 220,Tradicional,72,3,10.07,24.25,2018,2018-II
134339,SUPE,TASA 32,Tradicional,28,1,14.25,19.64,2018,2018-II
134346,SUPE,TASA 34,Estanca,20,1,7.57,15.18,2018,2018-II
134347,SUPE,TASA 35,Estanca,23,1,17.3,35.92,2018,2018-II
134349,CALLAO,TASA 420,Tradicional,12,1,7.15,20.68,2018,2018-II
134351,SAMANCO,TASA 412,Tradicional,77,3,15.4,23.22,2018,2018-II
134352,CALLAO,TASA 57,Frio,82,5,36.57,16.39,2018,2018-II
134359,PISCO SUR,TASA 416,Tradicional,58,5,17.85,24.12,2018,2018-II
134360,PISCO NORTE,TASA 418,Tradicional,43,3,13.05,17.78,2018,2018-II
134361,VEGUETA,TASA 427,Frio,77,6,36.02,22.59,2018,2018-II
134362,PISCO SUR,TASA 417,Tradicional,63,4,12.32,19.1,2018,2018-II
134368,CALLAO,TASA 38,Tradicional,44,3,13.75,22.57,2018,2018-II
134369,VEGUETA,TASA 411,Tradicional,39,2,11.63,20.83,2018,2018-II
134370,PISCO SUR,TASA 414,Estanca,89,3,11.98,18.13,2018,2018-II
134371,CALLAO,TASA 315,Tradicional,45,2,8.02,20.92,2018,2018-II
134373,CALLAO,TASA 310,Tradicional,78,2,12.6,20.99,2018,2018-II
134376,CALLAO,TASA 36,Estanca,89,1,6.75,20.12,2018,2018-II
134379,CALLAO,TASA 426,Tradicional,59,4,13.4,25.38,2018,2018-II
134385,CALLAO,TASA 424,Tradicional,68,3,14.08,23.46,2018,2018-II
134387,CALLAO,TASA 31,Tradicional,50,3,8.38,24.25,2018,2018-II
134388,MALABRIGO,TASA 51,Frio,19,2,10.82,22.82,2018,2018-II
134394,CALLAO,TASA 210,Tradicional,79,2,9.62,19.32,2018,2018-II
134395,CALLAO,TASA 37,Estanca,61,3,15.53,24.17,2018,2018-II
134399,MALABRIGO,TASA 71,Frio,12,2,10.33,20.13,2018,2018-II
134400,CHIMBOTE,TASA 44,Frio,66,3,28.65,20.67,2018,2018-II
134409,VEGUETA,TASA 56,Frio,68,2,10.37,17.37,2018,2018-II
134426,CALLAO,TASA 58,Frio,77,2,15.7,18.23,2018,2018-II
134428,VEGUETA,TASA 420,Tradicional,98,2,14.13,25.63,2018,2018-II
134434,VEGUETA,TASA 218,Estanca,68,2,14.13,22.99,2018,2018-II
134441,SUPE,TASA 411,Tradicional,42,2,11.25,23.92,2018,2018-II
134477,CALLAO,TASA 43,Frio,83,2,18.18,19.15,2018,2018-II
134478,CALLAO,TASA 59,Frio,77,3,16.98,18.36,2018,2018-II
134481,VEGUETA,TASA 425,Frio,79,2,17.37,22.81,2018,2018-II
134484,VEGUETA,TASA 22,Estanca,22,3,12.18,20.83,2018,2018-II
134495,MALABRIGO,TASA 51,Frio,42,5,16.12,19.1,2018,2018-II
134496,MALABRIGO,TASA 52,Frio,29,6,27.28,15.49,2018,2018-II
134503,VEGUETA,TASA 32,Tradicional,30,3,12.25,19.36,2018,2018-II
134508,VEGUETA,TASA 21,Estanca,16,2,9.92,22.22,2018,2018-II
134509,VEGUETA,TASA 413,Tradicional,14,1,6.68,17.6,2018,2018-II
134512,PISCO SUR,TASA 45,Frio,76,2,26.0,21.7,2018,2018-II
134513,VEGUETA,TASA 23,Estanca,5,1,6.45,16.55,2018,2018-II
134524,MALABRIGO,TASA 41,Frio,26,4,27.82,18.68,2018,2018-II
134525,MALABRIGO,TASA 419,Frio,37,3,25.68,17.14,2018,2018-II
134526,MALABRIGO,TASA 53,Frio,37,4,26.98,20.46,2018,2018-II
134527,MALABRIGO,TASA 42,Frio,45,4,17.25,23.33,2018,2018-II
134531,VEGUETA,TASA 35,Estanca,63,4,12.77,24.02,2018,2018-II
134547,MALABRIGO,TASA 71,Frio,37,5,16.1,22.33,2018,2018-II
134559,CALLAO,TASA 314,Tradicional,96,1,18.72,30.32,2018,2018-II
134560,SUPE,TASA 426,Tradicional,46,1,10.3,18.5,2018,2018-II
134561,VEGUETA,TASA 36,Estanca,73,2,9.92,26.2,2018,2018-II
134562,CALLAO,TASA 315,Tradicional,94,2,22.15,41.95,2018,2018-II
134563,VEGUETA,TASA 37,Estanca,36,2,11.03,24.85,2018,2018-II
134571,CALLAO,TASA 424,Tradicional,72,2,20.05,28.79,2018,2018-II
134573,CALLAO,TASA 21,Estanca,93,1,15.57,27.03,2018,2018-II
134574,CHIMBOTE,TASA 413,Tradicional,95,3,14.6,19.88,2018,2018-II
134579,CALLAO,TASA 56,Frio,73,2,13.33,19.83,2018,2018-II
134580,CALLAO,TASA 23,Estanca,91,2,21.92,28.04,2018,2018-II
134590,CALLAO,TASA 22,Estanca,91,3,24.98,36.45,2018,2018-II
134591,CALLAO,TASA 34,Estanca,89,1,20.63,29.58,2018,2018-II
134592,CALLAO,TASA 32,Tradicional,81,3,16.45,25.55,2018,2018-II
134593,CALLAO,TASA 411,Tradicional,80,3,19.55,35.5,2018,2018-II
134596,CHIMBOTE,TASA 218,Estanca,91,3,19.32,36.31,2018,2018-II
134599,MALABRIGO,TASA 427,Frio,76,3,21.45,23.32,2018,2018-II
134606,MALABRIGO,TASA 425,Frio,76,2,20.72,20.55,2018,2018-II
134607,PISCO SUR,TASA 417,Tradicional,75,3,9.25,21.25,2018,2018-II
134608,PISCO SUR,TASA 414,Estanca,85,3,12.52,20.18,2018,2018-II
134609,PISCO SUR,TASA 416,Tradicional,89,3,10.63,19.2,2018,2018-II
134610,PISCO SUR,TASA 418,Tradicional,66,5,16.72,23.15,2018,2018-II
134611,PISCO SUR,TASA 59,Frio,71,2,22.13,21.39,2018,2018-II
134616,CHIMBOTE,TASA 55,Frio,69,1,14.25,22.31,2018,2018-II
134617,VEGUETA,TASA 420,Tradicional,63,1,7.43,22.84,2018,2018-II
134622,CALLAO,TASA 415,Estanca,77,4,16.63,25.13,2018,2018-II
134623,MALABRIGO,TASA 44,Frio,77,2,19.92,20.39,2018,2018-II
136606,CHIMBOTE,TASA 419,Frio,76,5,24.87,17.04,2018,2018-II
136635,VEGUETA,TASA 71,Frio,62,5,24.45,17.32,2018,2018-II
136655,CHIMBOTE,TASA 45,Frio,72,4,19.63,15.14,2018,2018-II
136668,CHIMBOTE,TASA 54,Frio,37,5,18.38,20.1,2018,2018-II
136683,VEGUETA,TASA 43,Frio,76,2,14.83,17.31,2018,2018-II
136685,CHIMBOTE,TASA 61,Frio,40,3,15.02,14.79,2018,2018-II
136686,CHIMBOTE,TASA 55,Frio,71,3,12.42,20.61,2018,2018-II
136687,CALLAO,TASA 42,Frio,77,2,15.32,16.12,2018,2018-II
136689,CHIMBOTE,TASA 44,Frio,43,2,13.92,15.1,2018,2018-II
136690,CHIMBOTE,TASA 56,Frio,45,2,9.38,16.48,2018,2018-II
136691,VEGUETA,TASA 51,Frio,51,3,13.0,19.91,2018,2018-II
136692,VEGUETA,TASA 57,Frio,56,4,16.92,16.83,2018,2018-II
136697,VEGUETA,TASA 53,Frio,83,4,29.93,20.59,2018,2018-II
136707,CALLAO,TASA 41,Frio,72,4,21.45,21.48,2018,2018-II
136736,MATARANI,TASA 36,Estanca,5,1,6.87,14.86,2018,2018-II
136737,MATARANI,TASA 35,Estanca,46,4,21.8,37.43,2018,2018-II
136739,MATARANI,TASA 38,Tradicional,47,3,15.18,24.99,2018,2018-II
136740,MATARANI,TASA 310,Tradicional,85,3,15.48,26.19,2018,2018-II
136742,MATARANI,TASA 21,Estanca,54,2,17.65,26.96,2018,2018-II
136743,CHIMBOTE,TASA 56,Frio,88,4,11.73,16.93,2018,2018-II
136744,VEGUETA,TASA 55,Frio,51,4,15.43,16.38,2018,2018-II
136747,MATARANI,TASA 416,Tradicional,21,4,12.93,19.79,2018,2018-II
136748,CALLAO,TASA 419,Frio,41,3,22.15,21.67,2018,2018-II
136750,VEGUETA,TASA 61,Frio,46,5,19.83,20.07,2018,2018-II
136799,PISCO SUR,TASA 57,Frio,35,4,11.77,14.63,2018,2018-II
136804,PISCO SUR,TASA 61,Frio,44,3,9.0,17.96,2018,2018-II
136821,PISCO SUR,TASA 419,Frio,18,1,9.32,18.02,2018,2018-II
137260,ATICO,TASA 34,Estanca,15,4,14.53,14.48,2018,2018-II
137261,ATICO,TASA 36,Estanca,20,1,7.57,14.2,2018,2018-II
137262,ATICO,TASA 35,Estanca,19,1,8.4,13.66,2018,2018-II
137263,ATICO,TASA 218,Estanca,27,1,12.8,15.29,2018,2018-II
137264,ATICO,TASA 38,Tradicional,21,2,9.98,14.35,2018,2018-II
137265,MATARANI,TASA 420,Tradicional,18,2,9.4,19.23,2018,2018-II
137266,ATICO,TASA 17,Tradicional,38,3,14.38,14.15,2018,2018-II
137267,ATICO,TASA 23,Estanca,10,2,9.58,14.86,2018,2018-II
137268,MATARANI,TASA 414,Estanca,7,2,11.45,15.51,2018,2018-II
137269,ATICO,TASA 314,Tradicional,14,2,9.77,14.16,2018,2018-II
137270,ATICO,TASA 310,Tradicional,38,1,9.45,14.16,2018,2018-II
137271,MATARANI,TASA 415,Estanca,8,2,12.78,17.74,2018,2018-II
137272,ATICO,TASA 424,Tradicional,7,2,9.05,13.86,2018,2018-II
137273,MATARANI,TASA 21,Estanca,11,1,7.23,20.83,2018,2018-II
137274,MATARANI,TASA 416,Tradicional,10,2,9.38,18.62,2018,2018-II
137300,MATARANI,TASA 36,Estanca,2,1,7.0,20.5,2018,2018-II
137301,MATARANI,TASA 38,Tradicional,5,2,9.92,17.52,2018,2018-II
137303,MATARANI,TASA 424,Tradicional,1,1,7.83,22.23,2018,2018-II
137304,MATARANI,TASA 314,Tradicional,9,2,9.62,17.89,2018,2018-II
137305,MATARANI,TASA 310,Tradicional,6,1,4.55,21.49,2018,2018-II
137306,MATARANI,TASA 218,Estanca,4,2,12.85,23.03,2018,2018-II
137307,MATARANI,TASA 17,Tradicional,7,1,9.22,16.93,2018,2018-II
137308,MATARANI,TASA 34,Estanca,6,1,8.87,22.76,2018,2018-II
137309,MATARANI,TASA 21,Estanca,10,2,9.2,18.83,2018,2018-II
137310,MATARANI,TASA 415,Estanca,3,1,7.57,21.31,2018,2018-II
137311,MATARANI,TASA 35,Estanca,8,2,5.62,19.94,2018,2018-II
137319,MATARANI,TASA 34,Estanca,3,1,13.42,23.51,2018,2018-II
137333,MATARANI,TASA 21,Estanca,5,1,5.32,18.75,2018,2018-II
